{
  "width": 1000,
  "height": 1000,
  "init_space_size": 100.0,
  "n_species": 3,
  "n_particles": 90,
  "dt": 0.1,
  "max_speed": 300.0,
  "a_rep": 5.0,
  "a_att": 2.0,
  "seed": 42,
  "max_angular_speed": 20.0,
  "a_rot": 5,
  "position_matrix": [
    [
      0.6,
      0.30000000000000004,
      0.30000000000000004
    ],
    [
      0.30000000000000004,
      0.6,
      0.30000000000000004
    ],
    [
      0.30000000000000004,
      0.30000000000000004,
      0.6
    ]
  ],
  "orientation_matrix": [
    [
      0.0,
      1.0,
      1.0
    ],
    [
      0.9999999999999999,
      0.0,
      1.0
    ],
    [
      0.9999999999999999,
      1.0,
      0.0
    ]
  ]
}